insert into status(status,description) values ('AVALIABLE','Ticket available for purchase');
insert into status(status,description) values ('RESERVED','Ticket on process of being purchased');
insert into status(status,description) values ('SOLD','Ticket already sold');

insert into participant(name,description) values('Metallica','Trash metal band');
insert into participant(name,description) values('Therion','Symphonic metal band');

insert into venue(name, address, city, country) 
values('Foro Sol','Viaducto Rio de la Piedad S/N, Granjas Mexico','CDMX','México');

insert into event(name,description,date,idVenue) values('Metallica World Tour','First day','2021-12-16 20:00',1);
insert into event(name,description,date,idVenue) values('Metallica World Tour','Second day','2021-12-17 20:00',1);
insert into event(name,description,date,idVenue) values('Therion Lemuria','2021 World Tour','2021-11-16 20:00',1);

insert into section(name,totalCapacity,cost,idEvent) values('GENERAL A', 100,50,1);
insert into section(name,totalCapacity,cost,idEvent) values('GENERAL B', 100,50,1);
insert into section(name,totalCapacity,cost,idEvent) values('SILVER A',  100,60,1);
insert into section(name,totalCapacity,cost,idEvent) values('SILVER B',  100,70,1);
insert into section(name,totalCapacity,cost,idEvent) values('PLATINUM A',100,100,1);
insert into section(name,totalCapacity,cost,idEvent) values('PLATINUM B',100,110,1);

insert into section(name,totalCapacity,cost,idEvent) values('GENERAL A', 100,50,2);
insert into section(name,totalCapacity,cost,idEvent) values('GENERAL B', 100,50,2);
insert into section(name,totalCapacity,cost,idEvent) values('SILVER A',  100,60,2);
insert into section(name,totalCapacity,cost,idEvent) values('SILVER B',  100,70,2);
insert into section(name,totalCapacity,cost,idEvent) values('PLATINUM A',100,100,2);
insert into section(name,totalCapacity,cost,idEvent) values('PLATINUM B',100,110,2);

insert into section(name,totalCapacity,cost,idEvent) values('GENERAL A',100,50,3);
insert into section(name,totalCapacity,cost,idEvent) values('GENERAL B',100,50,3);
insert into section(name,totalCapacity,cost,idEvent) values('SILVER',   200,60,3);
insert into section(name,totalCapacity,cost,idEvent) values('PLATINUM', 200,110,3);

insert into event_has_participant(idEvent, idParticipant) values(1,1);
insert into event_has_participant(idEvent, idParticipant) values(2,1);
insert into event_has_participant(idEvent, idParticipant) values(3,2);

-- 1st event tickets
insert into ticket(seatNumber,idStatus,idSection) values('1GA', 1,1);
insert into ticket(seatNumber,idStatus,idSection) values('2GA' ,1,1);
insert into ticket(seatNumber,idStatus,idSection) values('3GA' ,1,1);
insert into ticket(seatNumber,idStatus,idSection) values('4GA' ,1,1);
insert into ticket(seatNumber,idStatus,idSection) values('5GA' ,1,1);
insert into ticket(seatNumber,idStatus,idSection) values('6GA' ,1,1);
insert into ticket(seatNumber,idStatus,idSection) values('7GA' ,1,1);
insert into ticket(seatNumber,idStatus,idSection) values('8GA' ,1,1);
insert into ticket(seatNumber,idStatus,idSection) values('9GA' ,1,1);
insert into ticket(seatNumber,idStatus,idSection) values('10GA',1,1);
insert into ticket(seatNumber,idStatus,idSection) values('1GB' ,1,2);
insert into ticket(seatNumber,idStatus,idSection) values('2GB', 1,2);
insert into ticket(seatNumber,idStatus,idSection) values('3GB', 1,2);
insert into ticket(seatNumber,idStatus,idSection) values('4GB', 1,2);
insert into ticket(seatNumber,idStatus,idSection) values('5GB', 1,2);
insert into ticket(seatNumber,idStatus,idSection) values('6GB', 1,2);
insert into ticket(seatNumber,idStatus,idSection) values('7GB', 1,2);
insert into ticket(seatNumber,idStatus,idSection) values('8GB', 1,2);
insert into ticket(seatNumber,idStatus,idSection) values('9GB', 1,2);
insert into ticket(seatNumber,idStatus,idSection) values('10GB',1,2);
insert into ticket(seatNumber,idStatus,idSection) values('1SA', 1,3);
insert into ticket(seatNumber,idStatus,idSection) values('2SA', 1,3);
insert into ticket(seatNumber,idStatus,idSection) values('3SA', 1,3);
insert into ticket(seatNumber,idStatus,idSection) values('4SA', 1,3);
insert into ticket(seatNumber,idStatus,idSection) values('5SA', 1,3);
insert into ticket(seatNumber,idStatus,idSection) values('6SA', 1,3);
insert into ticket(seatNumber,idStatus,idSection) values('7SA', 1,3);
insert into ticket(seatNumber,idStatus,idSection) values('8SA', 1,3);
insert into ticket(seatNumber,idStatus,idSection) values('9SA', 1,3);
insert into ticket(seatNumber,idStatus,idSection) values('10SA',1,3);
insert into ticket(seatNumber,idStatus,idSection) values('1SB', 1,4);
insert into ticket(seatNumber,idStatus,idSection) values('2SB', 1,4);
insert into ticket(seatNumber,idStatus,idSection) values('3SB', 1,4);
insert into ticket(seatNumber,idStatus,idSection) values('4SB', 1,4);
insert into ticket(seatNumber,idStatus,idSection) values('5SB', 1,4);
insert into ticket(seatNumber,idStatus,idSection) values('6SB', 1,4);
insert into ticket(seatNumber,idStatus,idSection) values('7SB', 1,4);
insert into ticket(seatNumber,idStatus,idSection) values('8SB', 1,4);
insert into ticket(seatNumber,idStatus,idSection) values('9SB', 1,4);
insert into ticket(seatNumber,idStatus,idSection) values('10SB',1,4);
insert into ticket(seatNumber,idStatus,idSection) values('1PA', 1,5);
insert into ticket(seatNumber,idStatus,idSection) values('2PA', 1,5);
insert into ticket(seatNumber,idStatus,idSection) values('3PA', 1,5);
insert into ticket(seatNumber,idStatus,idSection) values('4PA', 1,5);
insert into ticket(seatNumber,idStatus,idSection) values('5PA', 1,5);
insert into ticket(seatNumber,idStatus,idSection) values('6PA', 1,5);
insert into ticket(seatNumber,idStatus,idSection) values('7PA', 1,5);
insert into ticket(seatNumber,idStatus,idSection) values('8PA', 1,5);
insert into ticket(seatNumber,idStatus,idSection) values('9PA', 1,5);
insert into ticket(seatNumber,idStatus,idSection) values('10PA',1,5);
insert into ticket(seatNumber,idStatus,idSection) values('1PB', 1,6);
insert into ticket(seatNumber,idStatus,idSection) values('2PB', 1,6);
insert into ticket(seatNumber,idStatus,idSection) values('3PB', 1,6);
insert into ticket(seatNumber,idStatus,idSection) values('4PB', 1,6);
insert into ticket(seatNumber,idStatus,idSection) values('5PB', 1,6);
insert into ticket(seatNumber,idStatus,idSection) values('6PB', 1,6);
insert into ticket(seatNumber,idStatus,idSection) values('7PB', 1,6);
insert into ticket(seatNumber,idStatus,idSection) values('8PB', 1,6);
insert into ticket(seatNumber,idStatus,idSection) values('9PB', 1,6);
insert into ticket(seatNumber,idStatus,idSection) values('10PB',1,6);

-- 2nd event tickets
insert into ticket(seatNumber,idStatus,idSection) values('1GA', 1,7);
insert into ticket(seatNumber,idStatus,idSection) values('2GA' ,1,7);
insert into ticket(seatNumber,idStatus,idSection) values('3GA' ,1,7);
insert into ticket(seatNumber,idStatus,idSection) values('4GA' ,1,7);
insert into ticket(seatNumber,idStatus,idSection) values('5GA' ,1,7);
insert into ticket(seatNumber,idStatus,idSection) values('6GA' ,1,7);
insert into ticket(seatNumber,idStatus,idSection) values('7GA' ,1,7);
insert into ticket(seatNumber,idStatus,idSection) values('8GA' ,1,7);
insert into ticket(seatNumber,idStatus,idSection) values('9GA' ,1,7);
insert into ticket(seatNumber,idStatus,idSection) values('10GA',1,7);
insert into ticket(seatNumber,idStatus,idSection) values('1GB' ,1,8);
insert into ticket(seatNumber,idStatus,idSection) values('2GB', 1,8);
insert into ticket(seatNumber,idStatus,idSection) values('3GB', 1,8);
insert into ticket(seatNumber,idStatus,idSection) values('4GB', 1,8);
insert into ticket(seatNumber,idStatus,idSection) values('5GB', 1,8);
insert into ticket(seatNumber,idStatus,idSection) values('6GB', 1,8);
insert into ticket(seatNumber,idStatus,idSection) values('7GB', 1,8);
insert into ticket(seatNumber,idStatus,idSection) values('8GB', 1,8);
insert into ticket(seatNumber,idStatus,idSection) values('9GB', 1,8);
insert into ticket(seatNumber,idStatus,idSection) values('10GB',1,8);
insert into ticket(seatNumber,idStatus,idSection) values('1SA', 1,9);
insert into ticket(seatNumber,idStatus,idSection) values('2SA', 1,9);
insert into ticket(seatNumber,idStatus,idSection) values('3SA', 1,9);
insert into ticket(seatNumber,idStatus,idSection) values('4SA', 1,9);
insert into ticket(seatNumber,idStatus,idSection) values('5SA', 1,9);
insert into ticket(seatNumber,idStatus,idSection) values('6SA', 1,9);
insert into ticket(seatNumber,idStatus,idSection) values('7SA', 1,9);
insert into ticket(seatNumber,idStatus,idSection) values('8SA', 1,9);
insert into ticket(seatNumber,idStatus,idSection) values('9SA', 1,9);
insert into ticket(seatNumber,idStatus,idSection) values('10SA',1,9);
insert into ticket(seatNumber,idStatus,idSection) values('1SB', 1,10);
insert into ticket(seatNumber,idStatus,idSection) values('2SB', 1,10);
insert into ticket(seatNumber,idStatus,idSection) values('3SB', 1,10);
insert into ticket(seatNumber,idStatus,idSection) values('4SB', 1,10);
insert into ticket(seatNumber,idStatus,idSection) values('5SB', 1,10);
insert into ticket(seatNumber,idStatus,idSection) values('6SB', 1,10);
insert into ticket(seatNumber,idStatus,idSection) values('7SB', 1,10);
insert into ticket(seatNumber,idStatus,idSection) values('8SB', 1,10);
insert into ticket(seatNumber,idStatus,idSection) values('9SB', 1,10);
insert into ticket(seatNumber,idStatus,idSection) values('10SB',1,10);
insert into ticket(seatNumber,idStatus,idSection) values('1PA', 1,11);
insert into ticket(seatNumber,idStatus,idSection) values('2PA', 1,11);
insert into ticket(seatNumber,idStatus,idSection) values('3PA', 1,11);
insert into ticket(seatNumber,idStatus,idSection) values('4PA', 1,11);
insert into ticket(seatNumber,idStatus,idSection) values('5PA', 1,11);
insert into ticket(seatNumber,idStatus,idSection) values('6PA', 1,11);
insert into ticket(seatNumber,idStatus,idSection) values('7PA', 1,11);
insert into ticket(seatNumber,idStatus,idSection) values('8PA', 1,11);
insert into ticket(seatNumber,idStatus,idSection) values('9PA', 1,11);
insert into ticket(seatNumber,idStatus,idSection) values('10PA',1,11);
insert into ticket(seatNumber,idStatus,idSection) values('1PB', 1,12);
insert into ticket(seatNumber,idStatus,idSection) values('2PB', 1,12);
insert into ticket(seatNumber,idStatus,idSection) values('3PB', 1,12);
insert into ticket(seatNumber,idStatus,idSection) values('4PB', 1,12);
insert into ticket(seatNumber,idStatus,idSection) values('5PB', 1,12);
insert into ticket(seatNumber,idStatus,idSection) values('6PB', 1,12);
insert into ticket(seatNumber,idStatus,idSection) values('7PB', 1,12);
insert into ticket(seatNumber,idStatus,idSection) values('8PB', 1,12);
insert into ticket(seatNumber,idStatus,idSection) values('9PB', 1,12);
insert into ticket(seatNumber,idStatus,idSection) values('10PB',1,12);

-- 3rd event tickets
insert into ticket(seatNumber,idStatus,idSection) values('1GA', 1,13);
insert into ticket(seatNumber,idStatus,idSection) values('2GA' ,1,13);
insert into ticket(seatNumber,idStatus,idSection) values('3GA' ,1,13);
insert into ticket(seatNumber,idStatus,idSection) values('4GA' ,1,13);
insert into ticket(seatNumber,idStatus,idSection) values('5GA' ,1,13);
insert into ticket(seatNumber,idStatus,idSection) values('6GA' ,1,13);
insert into ticket(seatNumber,idStatus,idSection) values('7GA' ,1,13);
insert into ticket(seatNumber,idStatus,idSection) values('8GA' ,1,13);
insert into ticket(seatNumber,idStatus,idSection) values('9GA' ,1,13);
insert into ticket(seatNumber,idStatus,idSection) values('10GA',1,13);
insert into ticket(seatNumber,idStatus,idSection) values('1GB' ,1,14);
insert into ticket(seatNumber,idStatus,idSection) values('2GB', 1,14);
insert into ticket(seatNumber,idStatus,idSection) values('3GB', 1,14);
insert into ticket(seatNumber,idStatus,idSection) values('4GB', 1,14);
insert into ticket(seatNumber,idStatus,idSection) values('5GB', 1,14);
insert into ticket(seatNumber,idStatus,idSection) values('6GB', 1,14);
insert into ticket(seatNumber,idStatus,idSection) values('7GB', 1,14);
insert into ticket(seatNumber,idStatus,idSection) values('8GB', 1,14);
insert into ticket(seatNumber,idStatus,idSection) values('9GB', 1,14);
insert into ticket(seatNumber,idStatus,idSection) values('10GB',1,14);
insert into ticket(seatNumber,idStatus,idSection) values('1S',  1,15);
insert into ticket(seatNumber,idStatus,idSection) values('2S',  1,15);
insert into ticket(seatNumber,idStatus,idSection) values('3S',  1,15);
insert into ticket(seatNumber,idStatus,idSection) values('4S',  1,15);
insert into ticket(seatNumber,idStatus,idSection) values('5S',  1,15);
insert into ticket(seatNumber,idStatus,idSection) values('6S',  1,15);
insert into ticket(seatNumber,idStatus,idSection) values('7S',  1,15);
insert into ticket(seatNumber,idStatus,idSection) values('8S',  1,15);
insert into ticket(seatNumber,idStatus,idSection) values('9S',  1,15);
insert into ticket(seatNumber,idStatus,idSection) values('10S', 1,15);
insert into ticket(seatNumber,idStatus,idSection) values('1P', 1,16);
insert into ticket(seatNumber,idStatus,idSection) values('2P', 1,16);
insert into ticket(seatNumber,idStatus,idSection) values('3P', 1,16);
insert into ticket(seatNumber,idStatus,idSection) values('4P', 1,16);
insert into ticket(seatNumber,idStatus,idSection) values('5P', 1,16);
insert into ticket(seatNumber,idStatus,idSection) values('6P', 1,16);
insert into ticket(seatNumber,idStatus,idSection) values('7P', 1,16);
insert into ticket(seatNumber,idStatus,idSection) values('8P', 1,16);
insert into ticket(seatNumber,idStatus,idSection) values('9P', 1,16);
insert into ticket(seatNumber,idStatus,idSection) values('10P',1,16);
